id: Neopterygii
age: 274.05
age_hpd: 260.34-292.65
=
Lepisosteus_oculatus_RH1
Acanthochaenus_luetkenii_RH1
Cetomimidae_RH1
Cetomimus_sp_RH1_gen01
Cetomimus_sp_RH1_gen02
Rondeletia_loricata_RH1
Anoplogaster_cornuta_RH1
Gephyroberyx_darwinii_RH1_gen01
Hoplostethus_atlanticus_RH1
Monocentris_japonica_RH1
Beryx_splendens_RH1
Lampris_guttatus_RH1
Regalecus_glesne_RH1
Polymixia_japonica_RH1
Diretmoides_pauciradiatus_RH1_MUb
Diretmoides_pauciradiatus_RH1_MUa
Diretmoides_pauciradiatus_RH1_MUc
Diretmus_argenteus_RH1_Ma
Diretmus_argenteus_RH1_Ua
Diretmus_argenteus_RH1_Ub
Diretmus_argenteus_RH1_Ud
Diretmus_argenteus_RH1_Uc
Diretmus_argenteus_RH1_Mb
Diretmoides_pauciradiatus_RH1_La
Diretmoides_pauciradiatus_RH1_Mu
Diretmoides_pauciradiatus_RH1_Lb
Diretmus_argenteus_RH1_La
Diretmus_argenteus_RH1_Lb
Diretmus_argenteus_RH1_Lc
Diretmus_argenteus_RH1_Za
Diretmus_argenteus_RH1_Zb
Diretmoides_pauciradiatus_RH1_Ka
Diretmus_argenteus_RH1_K
Diretmoides_pauciradiatus_RH1_Kb
Diretmus_argenteus_RH1_Ja
Diretmus_argenteus_RH1_Jb
Diretmus_argenteus_RH1_O
Diretmoides_pauciradiatus_RH1_KOJ
Diretmus_argenteus_RH1_N
Diretmoides_pauciradiatus_RH1_OJa
Diretmoides_pauciradiatus_RH1_OJb
Diretmoides_pauciradiatus_RH1_X
Diretmus_argenteus_RH1_Xa
Diretmus_argenteus_RH1_Xb
Diretmoides_pauciradiatus_RH1_Y
Diretmus_argenteus_RH1_Y
Diretmoides_pauciradiatus_RH1_P
Diretmus_argenteus_RH1_P
Parasudis_frasserbrunneri_RH1
Diretmus_argenteus_RH1_Q_pseudogene
Diretmus_argenteus_RH1_R_pseudogene
Cyttopsis_roseus_RH1
Zeus_faber_RH1
Synodus_sp_RH1
Synodus_synodus_RH1
Amphilophus_citrinellus_RH1
Astatotilapia_burtoni_RH1
Maylandia_zebra_RH1
Neolamprologus_brichardi_RH1
Pundamilia_nyererei_RH1
Oreochromis_niloticus_RH1
Caranx_ignobilis_RH1
Caranx_melampygus_RH1
Selene_dorsalis_RH1
Trachinotus_blochii_RH1
Chromis_chromis_RH1
Stegastes_partitus_RH1
Pseudochromis_fuscus_RH1
Dicentrarchus_labrax_RH1
Sparus_aurata_RH1
Spondyliosoma_cantharus_RH1
Epinephelus_aeneus_RH1
Sebastes_nigrocinctus_RH1
Sebastes_norvegicus_RH1
Anabas_testudineus_RH1
Helostoma_temminckii_RH1
Monopterus_albus_RH1
Auxis_rochei_RH1
Thunnus_albacares_RH1
Thunnus_orientalis_RH1
Brama_brama_RH1
Pampus_argenteus_RH1
Rhinecanthus_aculeatus_RH1
Cyprinodon_nevadensis_RH1
Cyprinodon_variegatus_RH1
Fundulus_heteroclitus_RH1
Poecilia_formosa_RH1
Poecilia_reticulata_RH1
Xiphophorus_maculatus_RH1
Oryzias_latipes_RH1
Parablennius_parvicornis_RH1
Plagiotremus_rhinorhynchos_RH1
Takifugu_flavidus_RH1
Takifugu_rubripes_RH1
Tetraodon_nigroviridis_RH1
Chatrabus_melanurus_RH1
Opsanus_beta_RH1
Symphodus_melops_RH1
Anoplopoma_fimbrei_RH1
Myoxocephalus_scorpius_RH1
Gasterosteus_aculeatus_RH1_corrected
Perca_fluviatilis_RH1
Chaenocephalus_aceratus_RH1
Notothenia_coriiceps_RH1
Pseudopleuronectes_yokohamae_RH1
Antennarius_striatus_RH1
Lophius_piscatorius_RH1
Lophius_vailantii_RH1
Syngnathus_typhle_RH1
Holocentrus_rufus_RH1
Neoniphon_sammara_RH1
Myripristis_berndti_RH1
Myripristis_jacobus_RH1
Larimichthys_crocea_RH1
Percopsis_transmontana_RH1
Guentherus_altivela_RH1
Brotula_barbata_RH1
Lamprogrammus_exutus_RH1
Carapus_acus_RH1
Amblygobius_phalaena_RH1
Lesueurigobius_sanzoi_RH1
Boleophthalmus_pectinirostris_RH1
Scartelaos_histophorus_RH1
Periophthalmodon_schlosseri_RH1
Periophthalmus_magnuspinnatus_RH1
Cynoglossus_semilaevis_RH1
Stylephorus_chordatus_RH1_gen01
Stylephorus_chordatus_RH1_gen02
Stylephorus_chordatus_RH1_gen03
Stylephorus_chordatus_RH1_gen04
Stylephorus_chordatus_RH1_gen05
Stylephorus_chordatus_RH1_gen06
Bathygadus_melanobranchus_RH1_gen01_coding_cons_both_alleles
Bathygadus_melanobranchus_RH1_gen03_coding
Bathygadus_melanobranchus_RH1_gen02_coding
Brosme_brosme_RH1
Gadus_morhua_RH1
Trisopterus_minutus_RH1
Merluccius_polli_RH1
Mora_moro_RH1
Macrourus_berglax_RH1
Melamphaidae_26_RH1
Borostomias_antarcticus_RH1
Osmerus_eperlanus_RH1
Salmo_salar_RH1c
Anguilla_anguilla_RH1_01
Anguilla_japonica_RH1_01
Anguilla_anguilla_RH1_02
Anguilla_japonica_RH1_02
Scleropages_formosa_RH1
Astyanax_mexicanus_RH1_02
Electrophorus_electricus_RH1
Cyprinus_carpio_RH1_03
Cyprinus_carpio_RH1_04
Pimephales_promelas_RH1_01
Danio_rerio_RH1_01
Clupea_harengus_RH1_01
Clupea_harengus_RH1_02
Benthosema_glaciale_RH1_1
Benthosema_glaciale_RH1_4
Benthosema_glaciale_RH1_2
Benthosema_glaciale_RH1_3
Benthosema_glaciale_RH1_5
Benthosema_pterotum_RH1_1
Benthosema_pterotum_RH2_2_cons
Electrona_risso_RH1x1
Ceratoscopelus_warmingii_RH1x1
Ceratoscopelus_warmingii_RH1x2
Scopelopsis_multipunctatus_RH1x1
Diretmoides_pauciradiatus_RH1_D
Diretmus_argenteus_RH1_D
Diretmus_argenteus_RH1_C
Diretmus_argenteus_RH1_E_pseudogen
Diretmus_argenteus_RH1_B
Diretmus_argenteus_RH1_A
Diretmoides_pauciradiatus_RH1_FG
Diretmus_argenteus_RH1_Fa
Diretmus_argenteus_RH1_Fb
Diretmus_argenteus_RH1_Ga
Diretmus_argenteus_RH1_Gb
Diretmoides_pauciradiatus_RH1_HFG
Diretmus_argenteus_RH1_Ha
Diretmus_argenteus_RH1_Hb
Diretmus_argenteus_RH1_Hc
Diretmus_argenteus_RH1_Hd
Diretmus_argenteus_RH1_He_pseudogene
Diretmus_argenteus_RH1_Ia
Diretmoides_pauciradiatus_RH1_SV
Diretmus_argenteus_RH1_S
Diretmus_argenteus_RH1_V
Diretmus_argenteus_RH1_Ib_part
Diretmoides_pauciradiatus_RH1_W
Diretmus_argenteus_RH1_W
Diretmoides_pauciradiatus_RH1_T
Diretmus_argenteus_RH1_T
Cyprinus_carpio_RH1_01_like_pseud
Cyprinus_carpio_RH1_02_like
Pimephales_promelas_RH1_02
Danio_rerio_RH1_02
Astyanax_mexicanus_RH1_01

id: Teleostei
age: 218.95
age_hpd: 191.56-248.18
=
Acanthochaenus_luetkenii_RH1
Cetomimidae_RH1
Cetomimus_sp_RH1_gen01
Cetomimus_sp_RH1_gen02
Rondeletia_loricata_RH1
Anoplogaster_cornuta_RH1
Gephyroberyx_darwinii_RH1_gen01
Hoplostethus_atlanticus_RH1
Monocentris_japonica_RH1
Beryx_splendens_RH1
Lampris_guttatus_RH1
Regalecus_glesne_RH1
Polymixia_japonica_RH1
Diretmoides_pauciradiatus_RH1_MUb
Diretmoides_pauciradiatus_RH1_MUa
Diretmoides_pauciradiatus_RH1_MUc
Diretmus_argenteus_RH1_Ma
Diretmus_argenteus_RH1_Ua
Diretmus_argenteus_RH1_Ub
Diretmus_argenteus_RH1_Ud
Diretmus_argenteus_RH1_Uc
Diretmus_argenteus_RH1_Mb
Diretmoides_pauciradiatus_RH1_La
Diretmoides_pauciradiatus_RH1_Mu
Diretmoides_pauciradiatus_RH1_Lb
Diretmus_argenteus_RH1_La
Diretmus_argenteus_RH1_Lb
Diretmus_argenteus_RH1_Lc
Diretmus_argenteus_RH1_Za
Diretmus_argenteus_RH1_Zb
Diretmoides_pauciradiatus_RH1_Ka
Diretmus_argenteus_RH1_K
Diretmoides_pauciradiatus_RH1_Kb
Diretmus_argenteus_RH1_Ja
Diretmus_argenteus_RH1_Jb
Diretmus_argenteus_RH1_O
Diretmoides_pauciradiatus_RH1_KOJ
Diretmus_argenteus_RH1_N
Diretmoides_pauciradiatus_RH1_OJa
Diretmoides_pauciradiatus_RH1_OJb
Diretmoides_pauciradiatus_RH1_X
Diretmus_argenteus_RH1_Xa
Diretmus_argenteus_RH1_Xb
Diretmoides_pauciradiatus_RH1_Y
Diretmus_argenteus_RH1_Y
Diretmoides_pauciradiatus_RH1_P
Diretmus_argenteus_RH1_P
Parasudis_frasserbrunneri_RH1
Diretmus_argenteus_RH1_Q_pseudogene
Diretmus_argenteus_RH1_R_pseudogene
Cyttopsis_roseus_RH1
Zeus_faber_RH1
Synodus_sp_RH1
Synodus_synodus_RH1
Amphilophus_citrinellus_RH1
Astatotilapia_burtoni_RH1
Maylandia_zebra_RH1
Neolamprologus_brichardi_RH1
Pundamilia_nyererei_RH1
Oreochromis_niloticus_RH1
Caranx_ignobilis_RH1
Caranx_melampygus_RH1
Selene_dorsalis_RH1
Trachinotus_blochii_RH1
Chromis_chromis_RH1
Stegastes_partitus_RH1
Pseudochromis_fuscus_RH1
Dicentrarchus_labrax_RH1
Sparus_aurata_RH1
Spondyliosoma_cantharus_RH1
Epinephelus_aeneus_RH1
Sebastes_nigrocinctus_RH1
Sebastes_norvegicus_RH1
Anabas_testudineus_RH1
Helostoma_temminckii_RH1
Monopterus_albus_RH1
Auxis_rochei_RH1
Thunnus_albacares_RH1
Thunnus_orientalis_RH1
Brama_brama_RH1
Pampus_argenteus_RH1
Rhinecanthus_aculeatus_RH1
Cyprinodon_nevadensis_RH1
Cyprinodon_variegatus_RH1
Fundulus_heteroclitus_RH1
Poecilia_formosa_RH1
Poecilia_reticulata_RH1
Xiphophorus_maculatus_RH1
Oryzias_latipes_RH1
Parablennius_parvicornis_RH1
Plagiotremus_rhinorhynchos_RH1
Takifugu_flavidus_RH1
Takifugu_rubripes_RH1
Tetraodon_nigroviridis_RH1
Chatrabus_melanurus_RH1
Opsanus_beta_RH1
Symphodus_melops_RH1
Anoplopoma_fimbrei_RH1
Myoxocephalus_scorpius_RH1
Gasterosteus_aculeatus_RH1_corrected
Perca_fluviatilis_RH1
Chaenocephalus_aceratus_RH1
Notothenia_coriiceps_RH1
Pseudopleuronectes_yokohamae_RH1
Antennarius_striatus_RH1
Lophius_piscatorius_RH1
Lophius_vailantii_RH1
Syngnathus_typhle_RH1
Holocentrus_rufus_RH1
Neoniphon_sammara_RH1
Myripristis_berndti_RH1
Myripristis_jacobus_RH1
Larimichthys_crocea_RH1
Percopsis_transmontana_RH1
Guentherus_altivela_RH1
Brotula_barbata_RH1
Lamprogrammus_exutus_RH1
Carapus_acus_RH1
Amblygobius_phalaena_RH1
Lesueurigobius_sanzoi_RH1
Boleophthalmus_pectinirostris_RH1
Scartelaos_histophorus_RH1
Periophthalmodon_schlosseri_RH1
Periophthalmus_magnuspinnatus_RH1
Cynoglossus_semilaevis_RH1
Stylephorus_chordatus_RH1_gen01
Stylephorus_chordatus_RH1_gen02
Stylephorus_chordatus_RH1_gen03
Stylephorus_chordatus_RH1_gen04
Stylephorus_chordatus_RH1_gen05
Stylephorus_chordatus_RH1_gen06
Bathygadus_melanobranchus_RH1_gen01_coding_cons_both_alleles
Bathygadus_melanobranchus_RH1_gen03_coding
Bathygadus_melanobranchus_RH1_gen02_coding
Brosme_brosme_RH1
Gadus_morhua_RH1
Trisopterus_minutus_RH1
Merluccius_polli_RH1
Mora_moro_RH1
Macrourus_berglax_RH1
Melamphaidae_26_RH1
Borostomias_antarcticus_RH1
Osmerus_eperlanus_RH1
Salmo_salar_RH1c
Anguilla_anguilla_RH1_01
Anguilla_japonica_RH1_01
Anguilla_anguilla_RH1_02
Anguilla_japonica_RH1_02
Scleropages_formosa_RH1
Astyanax_mexicanus_RH1_02
Electrophorus_electricus_RH1
Cyprinus_carpio_RH1_03
Cyprinus_carpio_RH1_04
Pimephales_promelas_RH1_01
Danio_rerio_RH1_01
Clupea_harengus_RH1_01
Clupea_harengus_RH1_02
Benthosema_glaciale_RH1_1
Benthosema_glaciale_RH1_4
Benthosema_glaciale_RH1_2
Benthosema_glaciale_RH1_3
Benthosema_glaciale_RH1_5
Benthosema_pterotum_RH1_1
Benthosema_pterotum_RH2_2_cons
Electrona_risso_RH1x1
Ceratoscopelus_warmingii_RH1x1
Ceratoscopelus_warmingii_RH1x2
Scopelopsis_multipunctatus_RH1x1
Diretmoides_pauciradiatus_RH1_D
Diretmus_argenteus_RH1_D
Diretmus_argenteus_RH1_C
Diretmus_argenteus_RH1_E_pseudogen
Diretmus_argenteus_RH1_B
Diretmus_argenteus_RH1_A
Diretmoides_pauciradiatus_RH1_FG
Diretmus_argenteus_RH1_Fa
Diretmus_argenteus_RH1_Fb
Diretmus_argenteus_RH1_Ga
Diretmus_argenteus_RH1_Gb
Diretmoides_pauciradiatus_RH1_HFG
Diretmus_argenteus_RH1_Ha
Diretmus_argenteus_RH1_Hb
Diretmus_argenteus_RH1_Hc
Diretmus_argenteus_RH1_Hd
Diretmus_argenteus_RH1_He_pseudogene
Diretmus_argenteus_RH1_Ia
Diretmoides_pauciradiatus_RH1_SV
Diretmus_argenteus_RH1_S
Diretmus_argenteus_RH1_V
Diretmus_argenteus_RH1_Ib_part
Diretmoides_pauciradiatus_RH1_W
Diretmus_argenteus_RH1_W
Diretmoides_pauciradiatus_RH1_T
Diretmus_argenteus_RH1_T
Cyprinus_carpio_RH1_01_like_pseud
Cyprinus_carpio_RH1_02_like
Pimephales_promelas_RH1_02
Danio_rerio_RH1_02
Astyanax_mexicanus_RH1_01

id: Osteoglossomorpha_and_Elopomorpha
age: NA (duplication could have occurred before speciation)
age_hpd: NA
=
Scleropages_formosa_RH1
Anguilla_anguilla_RH1_01
Anguilla_japonica_RH1_01
Anguilla_anguilla_RH1_02
Anguilla_japonica_RH1_02

id: Clupeocephala
age: 193.72
age_hpd: 173.34-213.95
=
Acanthochaenus_luetkenii_RH1
Cetomimidae_RH1
Cetomimus_sp_RH1_gen01
Cetomimus_sp_RH1_gen02
Rondeletia_loricata_RH1
Anoplogaster_cornuta_RH1
Gephyroberyx_darwinii_RH1_gen01
Hoplostethus_atlanticus_RH1
Monocentris_japonica_RH1
Beryx_splendens_RH1
Lampris_guttatus_RH1
Regalecus_glesne_RH1
Polymixia_japonica_RH1
Diretmoides_pauciradiatus_RH1_MUb
Diretmoides_pauciradiatus_RH1_MUa
Diretmoides_pauciradiatus_RH1_MUc
Diretmus_argenteus_RH1_Ma
Diretmus_argenteus_RH1_Ua
Diretmus_argenteus_RH1_Ub
Diretmus_argenteus_RH1_Ud
Diretmus_argenteus_RH1_Uc
Diretmus_argenteus_RH1_Mb
Diretmoides_pauciradiatus_RH1_La
Diretmoides_pauciradiatus_RH1_Mu
Diretmoides_pauciradiatus_RH1_Lb
Diretmus_argenteus_RH1_La
Diretmus_argenteus_RH1_Lb
Diretmus_argenteus_RH1_Lc
Diretmus_argenteus_RH1_Za
Diretmus_argenteus_RH1_Zb
Diretmoides_pauciradiatus_RH1_Ka
Diretmus_argenteus_RH1_K
Diretmoides_pauciradiatus_RH1_Kb
Diretmus_argenteus_RH1_Ja
Diretmus_argenteus_RH1_Jb
Diretmus_argenteus_RH1_O
Diretmoides_pauciradiatus_RH1_KOJ
Diretmus_argenteus_RH1_N
Diretmoides_pauciradiatus_RH1_OJa
Diretmoides_pauciradiatus_RH1_OJb
Diretmoides_pauciradiatus_RH1_X
Diretmus_argenteus_RH1_Xa
Diretmus_argenteus_RH1_Xb
Diretmoides_pauciradiatus_RH1_Y
Diretmus_argenteus_RH1_Y
Diretmoides_pauciradiatus_RH1_P
Diretmus_argenteus_RH1_P
Parasudis_frasserbrunneri_RH1
Diretmus_argenteus_RH1_Q_pseudogene
Diretmus_argenteus_RH1_R_pseudogene
Cyttopsis_roseus_RH1
Zeus_faber_RH1
Synodus_sp_RH1
Synodus_synodus_RH1
Amphilophus_citrinellus_RH1
Astatotilapia_burtoni_RH1
Maylandia_zebra_RH1
Neolamprologus_brichardi_RH1
Pundamilia_nyererei_RH1
Oreochromis_niloticus_RH1
Caranx_ignobilis_RH1
Caranx_melampygus_RH1
Selene_dorsalis_RH1
Trachinotus_blochii_RH1
Chromis_chromis_RH1
Stegastes_partitus_RH1
Pseudochromis_fuscus_RH1
Dicentrarchus_labrax_RH1
Sparus_aurata_RH1
Spondyliosoma_cantharus_RH1
Epinephelus_aeneus_RH1
Sebastes_nigrocinctus_RH1
Sebastes_norvegicus_RH1
Anabas_testudineus_RH1
Helostoma_temminckii_RH1
Monopterus_albus_RH1
Auxis_rochei_RH1
Thunnus_albacares_RH1
Thunnus_orientalis_RH1
Brama_brama_RH1
Pampus_argenteus_RH1
Rhinecanthus_aculeatus_RH1
Cyprinodon_nevadensis_RH1
Cyprinodon_variegatus_RH1
Fundulus_heteroclitus_RH1
Poecilia_formosa_RH1
Poecilia_reticulata_RH1
Xiphophorus_maculatus_RH1
Oryzias_latipes_RH1
Parablennius_parvicornis_RH1
Plagiotremus_rhinorhynchos_RH1
Takifugu_flavidus_RH1
Takifugu_rubripes_RH1
Tetraodon_nigroviridis_RH1
Chatrabus_melanurus_RH1
Opsanus_beta_RH1
Symphodus_melops_RH1
Anoplopoma_fimbrei_RH1
Myoxocephalus_scorpius_RH1
Gasterosteus_aculeatus_RH1_corrected
Perca_fluviatilis_RH1
Chaenocephalus_aceratus_RH1
Notothenia_coriiceps_RH1
Pseudopleuronectes_yokohamae_RH1
Antennarius_striatus_RH1
Lophius_piscatorius_RH1
Lophius_vailantii_RH1
Syngnathus_typhle_RH1
Holocentrus_rufus_RH1
Neoniphon_sammara_RH1
Myripristis_berndti_RH1
Myripristis_jacobus_RH1
Larimichthys_crocea_RH1
Percopsis_transmontana_RH1
Guentherus_altivela_RH1
Brotula_barbata_RH1
Lamprogrammus_exutus_RH1
Carapus_acus_RH1
Amblygobius_phalaena_RH1
Lesueurigobius_sanzoi_RH1
Boleophthalmus_pectinirostris_RH1
Scartelaos_histophorus_RH1
Periophthalmodon_schlosseri_RH1
Periophthalmus_magnuspinnatus_RH1
Cynoglossus_semilaevis_RH1
Stylephorus_chordatus_RH1_gen01
Stylephorus_chordatus_RH1_gen02
Stylephorus_chordatus_RH1_gen03
Stylephorus_chordatus_RH1_gen04
Stylephorus_chordatus_RH1_gen05
Stylephorus_chordatus_RH1_gen06
Bathygadus_melanobranchus_RH1_gen01_coding_cons_both_alleles
Bathygadus_melanobranchus_RH1_gen03_coding
Bathygadus_melanobranchus_RH1_gen02_coding
Brosme_brosme_RH1
Gadus_morhua_RH1
Trisopterus_minutus_RH1
Merluccius_polli_RH1
Mora_moro_RH1
Macrourus_berglax_RH1
Melamphaidae_26_RH1
Borostomias_antarcticus_RH1
Osmerus_eperlanus_RH1
Salmo_salar_RH1c
Astyanax_mexicanus_RH1_02
Electrophorus_electricus_RH1
Cyprinus_carpio_RH1_03
Cyprinus_carpio_RH1_04
Pimephales_promelas_RH1_01
Danio_rerio_RH1_01
Clupea_harengus_RH1_01
Clupea_harengus_RH1_02
Benthosema_glaciale_RH1_1
Benthosema_glaciale_RH1_4
Benthosema_glaciale_RH1_2
Benthosema_glaciale_RH1_3
Benthosema_glaciale_RH1_5
Benthosema_pterotum_RH1_1
Benthosema_pterotum_RH2_2_cons
Electrona_risso_RH1x1
Ceratoscopelus_warmingii_RH1x1
Ceratoscopelus_warmingii_RH1x2
Scopelopsis_multipunctatus_RH1x1
Diretmoides_pauciradiatus_RH1_D
Diretmus_argenteus_RH1_D
Diretmus_argenteus_RH1_C
Diretmus_argenteus_RH1_E_pseudogen
Diretmus_argenteus_RH1_B
Diretmus_argenteus_RH1_A
Diretmoides_pauciradiatus_RH1_FG
Diretmus_argenteus_RH1_Fa
Diretmus_argenteus_RH1_Fb
Diretmus_argenteus_RH1_Ga
Diretmus_argenteus_RH1_Gb
Diretmoides_pauciradiatus_RH1_HFG
Diretmus_argenteus_RH1_Ha
Diretmus_argenteus_RH1_Hb
Diretmus_argenteus_RH1_Hc
Diretmus_argenteus_RH1_Hd
Diretmus_argenteus_RH1_He_pseudogene
Diretmus_argenteus_RH1_Ia
Diretmoides_pauciradiatus_RH1_SV
Diretmus_argenteus_RH1_S
Diretmus_argenteus_RH1_V
Diretmus_argenteus_RH1_Ib_part
Diretmoides_pauciradiatus_RH1_W
Diretmus_argenteus_RH1_W
Diretmoides_pauciradiatus_RH1_T
Diretmus_argenteus_RH1_T
Cyprinus_carpio_RH1_01_like_pseud
Cyprinus_carpio_RH1_02_like
Pimephales_promelas_RH1_02
Danio_rerio_RH1_02
Astyanax_mexicanus_RH1_01

id: Otomorpha_01
age: 159.32
age_hpd: 132.00-187.25
=
Clupea_harengus_RH1_02
Astyanax_mexicanus_RH1_01
Pimephales_promelas_RH1_02
Danio_rerio_RH1_02
Cyprinus_carpio_RH1_02_like
Cyprinus_carpio_RH1_01_like_pseud

id: Otomorpha_02
age: 159.32
age_hpd: 132.00-187.25
=
Clupea_harengus_RH1_01
Electrophorus_electricus_RH1
Astyanax_mexicanus_RH1_02
Pimephales_promelas_RH1_01
Danio_rerio_RH1_01
Cyprinus_carpio_RH1_03
Cyprinus_carpio_RH1_04

id: Ostariophysi_01
age: 120.51
age_hpd: 97.32-144.28
=
Astyanax_mexicanus_RH1_01
Pimephales_promelas_RH1_02
Danio_rerio_RH1_02
Cyprinus_carpio_RH1_02_like
Cyprinus_carpio_RH1_01_like_pseud

id: Ostariophysi_02
age: 120.51
age_hpd: 97.32-144.28
=
Electrophorus_electricus_RH1
Astyanax_mexicanus_RH1_02
Pimephales_promelas_RH1_01
Danio_rerio_RH1_01
Cyprinus_carpio_RH1_03
Cyprinus_carpio_RH1_04

id: Gymnotiformes_and_Characiformes
age: 60.29
age_hpd: 32.24-93.21
=
Electrophorus_electricus_RH1
Astyanax_mexicanus_RH1_02

id: Cypriniformes_01
age: 56.65
age_hpd: 28.33-84.72
=
Pimephales_promelas_RH1_02
Danio_rerio_RH1_02
Cyprinus_carpio_RH1_02_like
Cyprinus_carpio_RH1_01_like_pseud

id: Cypriniformes_02
age: 56.65
age_hpd: 28.33-84.72
=
Pimephales_promelas_RH1_01
Danio_rerio_RH1_01
Cyprinus_carpio_RH1_03
Cyprinus_carpio_RH1_04

id: Euteleosteomorpha
age: 173.37
age_hpd: 156.21-191.11
=
Acanthochaenus_luetkenii_RH1
Cetomimidae_RH1
Cetomimus_sp_RH1_gen01
Cetomimus_sp_RH1_gen02
Rondeletia_loricata_RH1
Anoplogaster_cornuta_RH1
Gephyroberyx_darwinii_RH1_gen01
Hoplostethus_atlanticus_RH1
Monocentris_japonica_RH1
Beryx_splendens_RH1
Lampris_guttatus_RH1
Regalecus_glesne_RH1
Polymixia_japonica_RH1
Diretmoides_pauciradiatus_RH1_MUb
Diretmoides_pauciradiatus_RH1_MUa
Diretmoides_pauciradiatus_RH1_MUc
Diretmus_argenteus_RH1_Ma
Diretmus_argenteus_RH1_Ua
Diretmus_argenteus_RH1_Ub
Diretmus_argenteus_RH1_Ud
Diretmus_argenteus_RH1_Uc
Diretmus_argenteus_RH1_Mb
Diretmoides_pauciradiatus_RH1_La
Diretmoides_pauciradiatus_RH1_Mu
Diretmoides_pauciradiatus_RH1_Lb
Diretmus_argenteus_RH1_La
Diretmus_argenteus_RH1_Lb
Diretmus_argenteus_RH1_Lc
Diretmus_argenteus_RH1_Za
Diretmus_argenteus_RH1_Zb
Diretmoides_pauciradiatus_RH1_Ka
Diretmus_argenteus_RH1_K
Diretmoides_pauciradiatus_RH1_Kb
Diretmus_argenteus_RH1_Ja
Diretmus_argenteus_RH1_Jb
Diretmus_argenteus_RH1_O
Diretmoides_pauciradiatus_RH1_KOJ
Diretmus_argenteus_RH1_N
Diretmoides_pauciradiatus_RH1_OJa
Diretmoides_pauciradiatus_RH1_OJb
Diretmoides_pauciradiatus_RH1_X
Diretmus_argenteus_RH1_Xa
Diretmus_argenteus_RH1_Xb
Diretmoides_pauciradiatus_RH1_Y
Diretmus_argenteus_RH1_Y
Diretmoides_pauciradiatus_RH1_P
Diretmus_argenteus_RH1_P
Parasudis_frasserbrunneri_RH1
Diretmus_argenteus_RH1_Q_pseudogene
Diretmus_argenteus_RH1_R_pseudogene
Cyttopsis_roseus_RH1
Zeus_faber_RH1
Synodus_sp_RH1
Synodus_synodus_RH1
Amphilophus_citrinellus_RH1
Astatotilapia_burtoni_RH1
Maylandia_zebra_RH1
Neolamprologus_brichardi_RH1
Pundamilia_nyererei_RH1
Oreochromis_niloticus_RH1
Caranx_ignobilis_RH1
Caranx_melampygus_RH1
Selene_dorsalis_RH1
Trachinotus_blochii_RH1
Chromis_chromis_RH1
Stegastes_partitus_RH1
Pseudochromis_fuscus_RH1
Dicentrarchus_labrax_RH1
Sparus_aurata_RH1
Spondyliosoma_cantharus_RH1
Epinephelus_aeneus_RH1
Sebastes_nigrocinctus_RH1
Sebastes_norvegicus_RH1
Anabas_testudineus_RH1
Helostoma_temminckii_RH1
Monopterus_albus_RH1
Auxis_rochei_RH1
Thunnus_albacares_RH1
Thunnus_orientalis_RH1
Brama_brama_RH1
Pampus_argenteus_RH1
Rhinecanthus_aculeatus_RH1
Cyprinodon_nevadensis_RH1
Cyprinodon_variegatus_RH1
Fundulus_heteroclitus_RH1
Poecilia_formosa_RH1
Poecilia_reticulata_RH1
Xiphophorus_maculatus_RH1
Oryzias_latipes_RH1
Parablennius_parvicornis_RH1
Plagiotremus_rhinorhynchos_RH1
Takifugu_flavidus_RH1
Takifugu_rubripes_RH1
Tetraodon_nigroviridis_RH1
Chatrabus_melanurus_RH1
Opsanus_beta_RH1
Symphodus_melops_RH1
Anoplopoma_fimbrei_RH1
Myoxocephalus_scorpius_RH1
Gasterosteus_aculeatus_RH1_corrected
Perca_fluviatilis_RH1
Chaenocephalus_aceratus_RH1
Notothenia_coriiceps_RH1
Pseudopleuronectes_yokohamae_RH1
Antennarius_striatus_RH1
Lophius_piscatorius_RH1
Lophius_vailantii_RH1
Syngnathus_typhle_RH1
Holocentrus_rufus_RH1
Neoniphon_sammara_RH1
Myripristis_berndti_RH1
Myripristis_jacobus_RH1
Larimichthys_crocea_RH1
Percopsis_transmontana_RH1
Guentherus_altivela_RH1
Brotula_barbata_RH1
Lamprogrammus_exutus_RH1
Carapus_acus_RH1
Amblygobius_phalaena_RH1
Lesueurigobius_sanzoi_RH1
Boleophthalmus_pectinirostris_RH1
Scartelaos_histophorus_RH1
Periophthalmodon_schlosseri_RH1
Periophthalmus_magnuspinnatus_RH1
Cynoglossus_semilaevis_RH1
Stylephorus_chordatus_RH1_gen01
Stylephorus_chordatus_RH1_gen02
Stylephorus_chordatus_RH1_gen03
Stylephorus_chordatus_RH1_gen04
Stylephorus_chordatus_RH1_gen05
Stylephorus_chordatus_RH1_gen06
Bathygadus_melanobranchus_RH1_gen01_coding_cons_both_alleles
Bathygadus_melanobranchus_RH1_gen03_coding
Bathygadus_melanobranchus_RH1_gen02_coding
Brosme_brosme_RH1
Gadus_morhua_RH1
Trisopterus_minutus_RH1
Merluccius_polli_RH1
Mora_moro_RH1
Macrourus_berglax_RH1
Melamphaidae_26_RH1
Borostomias_antarcticus_RH1
Osmerus_eperlanus_RH1
Salmo_salar_RH1c
Benthosema_glaciale_RH1_1
Benthosema_glaciale_RH1_4
Benthosema_glaciale_RH1_2
Benthosema_glaciale_RH1_3
Benthosema_glaciale_RH1_5
Benthosema_pterotum_RH1_1
Benthosema_pterotum_RH2_2_cons
Electrona_risso_RH1x1
Ceratoscopelus_warmingii_RH1x1
Ceratoscopelus_warmingii_RH1x2
Scopelopsis_multipunctatus_RH1x1
Diretmoides_pauciradiatus_RH1_D
Diretmus_argenteus_RH1_D
Diretmus_argenteus_RH1_C
Diretmus_argenteus_RH1_E_pseudogen
Diretmus_argenteus_RH1_B
Diretmus_argenteus_RH1_A
Diretmoides_pauciradiatus_RH1_FG
Diretmus_argenteus_RH1_Fa
Diretmus_argenteus_RH1_Fb
Diretmus_argenteus_RH1_Ga
Diretmus_argenteus_RH1_Gb
Diretmoides_pauciradiatus_RH1_HFG
Diretmus_argenteus_RH1_Ha
Diretmus_argenteus_RH1_Hb
Diretmus_argenteus_RH1_Hc
Diretmus_argenteus_RH1_Hd
Diretmus_argenteus_RH1_He_pseudogene
Diretmus_argenteus_RH1_Ia
Diretmoides_pauciradiatus_RH1_SV
Diretmus_argenteus_RH1_S
Diretmus_argenteus_RH1_V
Diretmus_argenteus_RH1_Ib_part
Diretmoides_pauciradiatus_RH1_W
Diretmus_argenteus_RH1_W
Diretmoides_pauciradiatus_RH1_T
Diretmus_argenteus_RH1_T

id: Stomiatii
age: 100.39
age_hpd: 50.72-145.67
=
Borostomias_antarcticus_RH1
Osmerus_eperlanus_RH1

id: Neoteleostei
age: 148.28
age_hpd: 135.83-161.12
=
Acanthochaenus_luetkenii_RH1
Cetomimidae_RH1
Cetomimus_sp_RH1_gen01
Cetomimus_sp_RH1_gen02
Rondeletia_loricata_RH1
Anoplogaster_cornuta_RH1
Gephyroberyx_darwinii_RH1_gen01
Hoplostethus_atlanticus_RH1
Monocentris_japonica_RH1
Beryx_splendens_RH1
Lampris_guttatus_RH1
Regalecus_glesne_RH1
Polymixia_japonica_RH1
Diretmoides_pauciradiatus_RH1_MUb
Diretmoides_pauciradiatus_RH1_MUa
Diretmoides_pauciradiatus_RH1_MUc
Diretmus_argenteus_RH1_Ma
Diretmus_argenteus_RH1_Ua
Diretmus_argenteus_RH1_Ub
Diretmus_argenteus_RH1_Ud
Diretmus_argenteus_RH1_Uc
Diretmus_argenteus_RH1_Mb
Diretmoides_pauciradiatus_RH1_La
Diretmoides_pauciradiatus_RH1_Mu
Diretmoides_pauciradiatus_RH1_Lb
Diretmus_argenteus_RH1_La
Diretmus_argenteus_RH1_Lb
Diretmus_argenteus_RH1_Lc
Diretmus_argenteus_RH1_Za
Diretmus_argenteus_RH1_Zb
Diretmoides_pauciradiatus_RH1_Ka
Diretmus_argenteus_RH1_K
Diretmoides_pauciradiatus_RH1_Kb
Diretmus_argenteus_RH1_Ja
Diretmus_argenteus_RH1_Jb
Diretmus_argenteus_RH1_O
Diretmoides_pauciradiatus_RH1_KOJ
Diretmus_argenteus_RH1_N
Diretmoides_pauciradiatus_RH1_OJa
Diretmoides_pauciradiatus_RH1_OJb
Diretmoides_pauciradiatus_RH1_X
Diretmus_argenteus_RH1_Xa
Diretmus_argenteus_RH1_Xb
Diretmoides_pauciradiatus_RH1_Y
Diretmus_argenteus_RH1_Y
Diretmoides_pauciradiatus_RH1_P
Diretmus_argenteus_RH1_P
Parasudis_frasserbrunneri_RH1
Diretmus_argenteus_RH1_Q_pseudogene
Diretmus_argenteus_RH1_R_pseudogene
Cyttopsis_roseus_RH1
Zeus_faber_RH1
Synodus_sp_RH1
Synodus_synodus_RH1
Amphilophus_citrinellus_RH1
Astatotilapia_burtoni_RH1
Maylandia_zebra_RH1
Neolamprologus_brichardi_RH1
Pundamilia_nyererei_RH1
Oreochromis_niloticus_RH1
Caranx_ignobilis_RH1
Caranx_melampygus_RH1
Selene_dorsalis_RH1
Trachinotus_blochii_RH1
Chromis_chromis_RH1
Stegastes_partitus_RH1
Pseudochromis_fuscus_RH1
Dicentrarchus_labrax_RH1
Sparus_aurata_RH1
Spondyliosoma_cantharus_RH1
Epinephelus_aeneus_RH1
Sebastes_nigrocinctus_RH1
Sebastes_norvegicus_RH1
Anabas_testudineus_RH1
Helostoma_temminckii_RH1
Monopterus_albus_RH1
Auxis_rochei_RH1
Thunnus_albacares_RH1
Thunnus_orientalis_RH1
Brama_brama_RH1
Pampus_argenteus_RH1
Rhinecanthus_aculeatus_RH1
Cyprinodon_nevadensis_RH1
Cyprinodon_variegatus_RH1
Fundulus_heteroclitus_RH1
Poecilia_formosa_RH1
Poecilia_reticulata_RH1
Xiphophorus_maculatus_RH1
Oryzias_latipes_RH1
Parablennius_parvicornis_RH1
Plagiotremus_rhinorhynchos_RH1
Takifugu_flavidus_RH1
Takifugu_rubripes_RH1
Tetraodon_nigroviridis_RH1
Chatrabus_melanurus_RH1
Opsanus_beta_RH1
Symphodus_melops_RH1
Anoplopoma_fimbrei_RH1
Myoxocephalus_scorpius_RH1
Gasterosteus_aculeatus_RH1_corrected
Perca_fluviatilis_RH1
Chaenocephalus_aceratus_RH1
Notothenia_coriiceps_RH1
Pseudopleuronectes_yokohamae_RH1
Antennarius_striatus_RH1
Lophius_piscatorius_RH1
Lophius_vailantii_RH1
Syngnathus_typhle_RH1
Holocentrus_rufus_RH1
Neoniphon_sammara_RH1
Myripristis_berndti_RH1
Myripristis_jacobus_RH1
Larimichthys_crocea_RH1
Percopsis_transmontana_RH1
Guentherus_altivela_RH1
Brotula_barbata_RH1
Lamprogrammus_exutus_RH1
Carapus_acus_RH1
Amblygobius_phalaena_RH1
Lesueurigobius_sanzoi_RH1
Boleophthalmus_pectinirostris_RH1
Scartelaos_histophorus_RH1
Periophthalmodon_schlosseri_RH1
Periophthalmus_magnuspinnatus_RH1
Cynoglossus_semilaevis_RH1
Stylephorus_chordatus_RH1_gen01
Stylephorus_chordatus_RH1_gen02
Stylephorus_chordatus_RH1_gen03
Stylephorus_chordatus_RH1_gen04
Stylephorus_chordatus_RH1_gen05
Stylephorus_chordatus_RH1_gen06
Bathygadus_melanobranchus_RH1_gen01_coding_cons_both_alleles
Bathygadus_melanobranchus_RH1_gen03_coding
Bathygadus_melanobranchus_RH1_gen02_coding
Brosme_brosme_RH1
Gadus_morhua_RH1
Trisopterus_minutus_RH1
Merluccius_polli_RH1
Mora_moro_RH1
Macrourus_berglax_RH1
Melamphaidae_26_RH1
Benthosema_glaciale_RH1_1
Benthosema_glaciale_RH1_4
Benthosema_glaciale_RH1_2
Benthosema_glaciale_RH1_3
Benthosema_glaciale_RH1_5
Benthosema_pterotum_RH1_1
Benthosema_pterotum_RH2_2_cons
Electrona_risso_RH1x1
Ceratoscopelus_warmingii_RH1x1
Ceratoscopelus_warmingii_RH1x2
Scopelopsis_multipunctatus_RH1x1
Diretmoides_pauciradiatus_RH1_D
Diretmus_argenteus_RH1_D
Diretmus_argenteus_RH1_C
Diretmus_argenteus_RH1_E_pseudogen
Diretmus_argenteus_RH1_B
Diretmus_argenteus_RH1_A
Diretmoides_pauciradiatus_RH1_FG
Diretmus_argenteus_RH1_Fa
Diretmus_argenteus_RH1_Fb
Diretmus_argenteus_RH1_Ga
Diretmus_argenteus_RH1_Gb
Diretmoides_pauciradiatus_RH1_HFG
Diretmus_argenteus_RH1_Ha
Diretmus_argenteus_RH1_Hb
Diretmus_argenteus_RH1_Hc
Diretmus_argenteus_RH1_Hd
Diretmus_argenteus_RH1_He_pseudogene
Diretmus_argenteus_RH1_Ia
Diretmoides_pauciradiatus_RH1_SV
Diretmus_argenteus_RH1_S
Diretmus_argenteus_RH1_V
Diretmus_argenteus_RH1_Ib_part
Diretmoides_pauciradiatus_RH1_W
Diretmus_argenteus_RH1_W
Diretmoides_pauciradiatus_RH1_T
Diretmus_argenteus_RH1_T

id: Eurypterygia
age: 143.78
age_hpd: 132.22-155.46
=
Acanthochaenus_luetkenii_RH1
Cetomimidae_RH1
Cetomimus_sp_RH1_gen01
Cetomimus_sp_RH1_gen02
Rondeletia_loricata_RH1
Anoplogaster_cornuta_RH1
Gephyroberyx_darwinii_RH1_gen01
Hoplostethus_atlanticus_RH1
Monocentris_japonica_RH1
Beryx_splendens_RH1
Lampris_guttatus_RH1
Regalecus_glesne_RH1
Polymixia_japonica_RH1
Diretmoides_pauciradiatus_RH1_MUb
Diretmoides_pauciradiatus_RH1_MUa
Diretmoides_pauciradiatus_RH1_MUc
Diretmus_argenteus_RH1_Ma
Diretmus_argenteus_RH1_Ua
Diretmus_argenteus_RH1_Ub
Diretmus_argenteus_RH1_Ud
Diretmus_argenteus_RH1_Uc
Diretmus_argenteus_RH1_Mb
Diretmoides_pauciradiatus_RH1_La
Diretmoides_pauciradiatus_RH1_Mu
Diretmoides_pauciradiatus_RH1_Lb
Diretmus_argenteus_RH1_La
Diretmus_argenteus_RH1_Lb
Diretmus_argenteus_RH1_Lc
Diretmus_argenteus_RH1_Za
Diretmus_argenteus_RH1_Zb
Diretmoides_pauciradiatus_RH1_Ka
Diretmus_argenteus_RH1_K
Diretmoides_pauciradiatus_RH1_Kb
Diretmus_argenteus_RH1_Ja
Diretmus_argenteus_RH1_Jb
Diretmus_argenteus_RH1_O
Diretmoides_pauciradiatus_RH1_KOJ
Diretmus_argenteus_RH1_N
Diretmoides_pauciradiatus_RH1_OJa
Diretmoides_pauciradiatus_RH1_OJb
Diretmoides_pauciradiatus_RH1_X
Diretmus_argenteus_RH1_Xa
Diretmus_argenteus_RH1_Xb
Diretmoides_pauciradiatus_RH1_Y
Diretmus_argenteus_RH1_Y
Diretmoides_pauciradiatus_RH1_P
Diretmus_argenteus_RH1_P
Parasudis_frasserbrunneri_RH1
Diretmus_argenteus_RH1_Q_pseudogene
Diretmus_argenteus_RH1_R_pseudogene
Cyttopsis_roseus_RH1
Zeus_faber_RH1
Synodus_sp_RH1
Synodus_synodus_RH1
Amphilophus_citrinellus_RH1
Astatotilapia_burtoni_RH1
Maylandia_zebra_RH1
Neolamprologus_brichardi_RH1
Pundamilia_nyererei_RH1
Oreochromis_niloticus_RH1
Caranx_ignobilis_RH1
Caranx_melampygus_RH1
Selene_dorsalis_RH1
Trachinotus_blochii_RH1
Chromis_chromis_RH1
Stegastes_partitus_RH1
Pseudochromis_fuscus_RH1
Dicentrarchus_labrax_RH1
Sparus_aurata_RH1
Spondyliosoma_cantharus_RH1
Epinephelus_aeneus_RH1
Sebastes_nigrocinctus_RH1
Sebastes_norvegicus_RH1
Anabas_testudineus_RH1
Helostoma_temminckii_RH1
Monopterus_albus_RH1
Auxis_rochei_RH1
Thunnus_albacares_RH1
Thunnus_orientalis_RH1
Brama_brama_RH1
Pampus_argenteus_RH1
Rhinecanthus_aculeatus_RH1
Cyprinodon_nevadensis_RH1
Cyprinodon_variegatus_RH1
Fundulus_heteroclitus_RH1
Poecilia_formosa_RH1
Poecilia_reticulata_RH1
Xiphophorus_maculatus_RH1
Oryzias_latipes_RH1
Parablennius_parvicornis_RH1
Plagiotremus_rhinorhynchos_RH1
Takifugu_flavidus_RH1
Takifugu_rubripes_RH1
Tetraodon_nigroviridis_RH1
Chatrabus_melanurus_RH1
Opsanus_beta_RH1
Symphodus_melops_RH1
Anoplopoma_fimbrei_RH1
Myoxocephalus_scorpius_RH1
Gasterosteus_aculeatus_RH1_corrected
Perca_fluviatilis_RH1
Chaenocephalus_aceratus_RH1
Notothenia_coriiceps_RH1
Pseudopleuronectes_yokohamae_RH1
Antennarius_striatus_RH1
Lophius_piscatorius_RH1
Lophius_vailantii_RH1
Syngnathus_typhle_RH1
Holocentrus_rufus_RH1
Neoniphon_sammara_RH1
Myripristis_berndti_RH1
Myripristis_jacobus_RH1
Larimichthys_crocea_RH1
Percopsis_transmontana_RH1
Brotula_barbata_RH1
Lamprogrammus_exutus_RH1
Carapus_acus_RH1
Amblygobius_phalaena_RH1
Lesueurigobius_sanzoi_RH1
Boleophthalmus_pectinirostris_RH1
Scartelaos_histophorus_RH1
Periophthalmodon_schlosseri_RH1
Periophthalmus_magnuspinnatus_RH1
Cynoglossus_semilaevis_RH1
Stylephorus_chordatus_RH1_gen01
Stylephorus_chordatus_RH1_gen02
Stylephorus_chordatus_RH1_gen03
Stylephorus_chordatus_RH1_gen04
Stylephorus_chordatus_RH1_gen05
Stylephorus_chordatus_RH1_gen06
Bathygadus_melanobranchus_RH1_gen01_coding_cons_both_alleles
Bathygadus_melanobranchus_RH1_gen03_coding
Bathygadus_melanobranchus_RH1_gen02_coding
Brosme_brosme_RH1
Gadus_morhua_RH1
Trisopterus_minutus_RH1
Merluccius_polli_RH1
Mora_moro_RH1
Macrourus_berglax_RH1
Melamphaidae_26_RH1
Benthosema_glaciale_RH1_1
Benthosema_glaciale_RH1_4
Benthosema_glaciale_RH1_2
Benthosema_glaciale_RH1_3
Benthosema_glaciale_RH1_5
Benthosema_pterotum_RH1_1
Benthosema_pterotum_RH2_2_cons
Electrona_risso_RH1x1
Ceratoscopelus_warmingii_RH1x1
Ceratoscopelus_warmingii_RH1x2
Scopelopsis_multipunctatus_RH1x1
Diretmoides_pauciradiatus_RH1_D
Diretmus_argenteus_RH1_D
Diretmus_argenteus_RH1_C
Diretmus_argenteus_RH1_E_pseudogen
Diretmus_argenteus_RH1_B
Diretmus_argenteus_RH1_A
Diretmoides_pauciradiatus_RH1_FG
Diretmus_argenteus_RH1_Fa
Diretmus_argenteus_RH1_Fb
Diretmus_argenteus_RH1_Ga
Diretmus_argenteus_RH1_Gb
Diretmoides_pauciradiatus_RH1_HFG
Diretmus_argenteus_RH1_Ha
Diretmus_argenteus_RH1_Hb
Diretmus_argenteus_RH1_Hc
Diretmus_argenteus_RH1_Hd
Diretmus_argenteus_RH1_He_pseudogene
Diretmus_argenteus_RH1_Ia
Diretmoides_pauciradiatus_RH1_SV
Diretmus_argenteus_RH1_S
Diretmus_argenteus_RH1_V
Diretmus_argenteus_RH1_Ib_part
Diretmoides_pauciradiatus_RH1_W
Diretmus_argenteus_RH1_W
Diretmoides_pauciradiatus_RH1_T
Diretmus_argenteus_RH1_T

id: Aulopiformes
age: 98.09
age_hpd: 54.54-136.18
=
Synodus_sp_RH1
Synodus_synodus_RH1
Parasudis_frasserbrunneri_RH1

id: Ctenosquamata
age: 136.67
age_hpd: 126.62-147.27
=
Acanthochaenus_luetkenii_RH1
Cetomimidae_RH1
Cetomimus_sp_RH1_gen01
Cetomimus_sp_RH1_gen02
Rondeletia_loricata_RH1
Anoplogaster_cornuta_RH1
Gephyroberyx_darwinii_RH1_gen01
Hoplostethus_atlanticus_RH1
Monocentris_japonica_RH1
Beryx_splendens_RH1
Lampris_guttatus_RH1
Regalecus_glesne_RH1
Polymixia_japonica_RH1
Diretmoides_pauciradiatus_RH1_MUb
Diretmoides_pauciradiatus_RH1_MUa
Diretmoides_pauciradiatus_RH1_MUc
Diretmus_argenteus_RH1_Ma
Diretmus_argenteus_RH1_Ua
Diretmus_argenteus_RH1_Ub
Diretmus_argenteus_RH1_Ud
Diretmus_argenteus_RH1_Uc
Diretmus_argenteus_RH1_Mb
Diretmoides_pauciradiatus_RH1_La
Diretmoides_pauciradiatus_RH1_Mu
Diretmoides_pauciradiatus_RH1_Lb
Diretmus_argenteus_RH1_La
Diretmus_argenteus_RH1_Lb
Diretmus_argenteus_RH1_Lc
Diretmus_argenteus_RH1_Za
Diretmus_argenteus_RH1_Zb
Diretmoides_pauciradiatus_RH1_Ka
Diretmus_argenteus_RH1_K
Diretmoides_pauciradiatus_RH1_Kb
Diretmus_argenteus_RH1_Ja
Diretmus_argenteus_RH1_Jb
Diretmus_argenteus_RH1_O
Diretmoides_pauciradiatus_RH1_KOJ
Diretmus_argenteus_RH1_N
Diretmoides_pauciradiatus_RH1_OJa
Diretmoides_pauciradiatus_RH1_OJb
Diretmoides_pauciradiatus_RH1_X
Diretmus_argenteus_RH1_Xa
Diretmus_argenteus_RH1_Xb
Diretmoides_pauciradiatus_RH1_Y
Diretmus_argenteus_RH1_Y
Diretmoides_pauciradiatus_RH1_P
Diretmus_argenteus_RH1_P
Diretmus_argenteus_RH1_Q_pseudogene
Diretmus_argenteus_RH1_R_pseudogene
Cyttopsis_roseus_RH1
Zeus_faber_RH1
Amphilophus_citrinellus_RH1
Astatotilapia_burtoni_RH1
Maylandia_zebra_RH1
Neolamprologus_brichardi_RH1
Pundamilia_nyererei_RH1
Oreochromis_niloticus_RH1
Caranx_ignobilis_RH1
Caranx_melampygus_RH1
Selene_dorsalis_RH1
Trachinotus_blochii_RH1
Chromis_chromis_RH1
Stegastes_partitus_RH1
Pseudochromis_fuscus_RH1
Dicentrarchus_labrax_RH1
Sparus_aurata_RH1
Spondyliosoma_cantharus_RH1
Epinephelus_aeneus_RH1
Sebastes_nigrocinctus_RH1
Sebastes_norvegicus_RH1
Anabas_testudineus_RH1
Helostoma_temminckii_RH1
Monopterus_albus_RH1
Auxis_rochei_RH1
Thunnus_albacares_RH1
Thunnus_orientalis_RH1
Brama_brama_RH1
Pampus_argenteus_RH1
Rhinecanthus_aculeatus_RH1
Cyprinodon_nevadensis_RH1
Cyprinodon_variegatus_RH1
Fundulus_heteroclitus_RH1
Poecilia_formosa_RH1
Poecilia_reticulata_RH1
Xiphophorus_maculatus_RH1
Oryzias_latipes_RH1
Parablennius_parvicornis_RH1
Plagiotremus_rhinorhynchos_RH1
Takifugu_flavidus_RH1
Takifugu_rubripes_RH1
Tetraodon_nigroviridis_RH1
Chatrabus_melanurus_RH1
Opsanus_beta_RH1
Symphodus_melops_RH1
Anoplopoma_fimbrei_RH1
Myoxocephalus_scorpius_RH1
Gasterosteus_aculeatus_RH1_corrected
Perca_fluviatilis_RH1
Chaenocephalus_aceratus_RH1
Notothenia_coriiceps_RH1
Pseudopleuronectes_yokohamae_RH1
Antennarius_striatus_RH1
Lophius_piscatorius_RH1
Lophius_vailantii_RH1
Syngnathus_typhle_RH1
Holocentrus_rufus_RH1
Neoniphon_sammara_RH1
Myripristis_berndti_RH1
Myripristis_jacobus_RH1
Larimichthys_crocea_RH1
Percopsis_transmontana_RH1
Brotula_barbata_RH1
Lamprogrammus_exutus_RH1
Carapus_acus_RH1
Amblygobius_phalaena_RH1
Lesueurigobius_sanzoi_RH1
Boleophthalmus_pectinirostris_RH1
Scartelaos_histophorus_RH1
Periophthalmodon_schlosseri_RH1
Periophthalmus_magnuspinnatus_RH1
Cynoglossus_semilaevis_RH1
Stylephorus_chordatus_RH1_gen01
Stylephorus_chordatus_RH1_gen02
Stylephorus_chordatus_RH1_gen03
Stylephorus_chordatus_RH1_gen04
Stylephorus_chordatus_RH1_gen05
Stylephorus_chordatus_RH1_gen06
Bathygadus_melanobranchus_RH1_gen01_coding_cons_both_alleles
Bathygadus_melanobranchus_RH1_gen03_coding
Bathygadus_melanobranchus_RH1_gen02_coding
Brosme_brosme_RH1
Gadus_morhua_RH1
Trisopterus_minutus_RH1
Merluccius_polli_RH1
Mora_moro_RH1
Macrourus_berglax_RH1
Melamphaidae_26_RH1
Benthosema_glaciale_RH1_1
Benthosema_glaciale_RH1_4
Benthosema_glaciale_RH1_2
Benthosema_glaciale_RH1_3
Benthosema_glaciale_RH1_5
Benthosema_pterotum_RH1_1
Benthosema_pterotum_RH2_2_cons
Electrona_risso_RH1x1
Ceratoscopelus_warmingii_RH1x1
Ceratoscopelus_warmingii_RH1x2
Scopelopsis_multipunctatus_RH1x1
Diretmoides_pauciradiatus_RH1_D
Diretmus_argenteus_RH1_D
Diretmus_argenteus_RH1_C
Diretmus_argenteus_RH1_E_pseudogen
Diretmus_argenteus_RH1_B
Diretmus_argenteus_RH1_A
Diretmoides_pauciradiatus_RH1_FG
Diretmus_argenteus_RH1_Fa
Diretmus_argenteus_RH1_Fb
Diretmus_argenteus_RH1_Ga
Diretmus_argenteus_RH1_Gb
Diretmoides_pauciradiatus_RH1_HFG
Diretmus_argenteus_RH1_Ha
Diretmus_argenteus_RH1_Hb
Diretmus_argenteus_RH1_Hc
Diretmus_argenteus_RH1_Hd
Diretmus_argenteus_RH1_He_pseudogene
Diretmus_argenteus_RH1_Ia
Diretmoides_pauciradiatus_RH1_SV
Diretmus_argenteus_RH1_S
Diretmus_argenteus_RH1_V
Diretmus_argenteus_RH1_Ib_part
Diretmoides_pauciradiatus_RH1_W
Diretmus_argenteus_RH1_W
Diretmoides_pauciradiatus_RH1_T
Diretmus_argenteus_RH1_T

id: Acanthomorphata
age: 131.28
age_hpd: 121.64-140.51
=
Acanthochaenus_luetkenii_RH1
Cetomimidae_RH1
Cetomimus_sp_RH1_gen01
Cetomimus_sp_RH1_gen02
Rondeletia_loricata_RH1
Anoplogaster_cornuta_RH1
Gephyroberyx_darwinii_RH1_gen01
Hoplostethus_atlanticus_RH1
Monocentris_japonica_RH1
Beryx_splendens_RH1
Lampris_guttatus_RH1
Regalecus_glesne_RH1
Polymixia_japonica_RH1
Diretmoides_pauciradiatus_RH1_MUb
Diretmoides_pauciradiatus_RH1_MUa
Diretmoides_pauciradiatus_RH1_MUc
Diretmus_argenteus_RH1_Ma
Diretmus_argenteus_RH1_Ua
Diretmus_argenteus_RH1_Ub
Diretmus_argenteus_RH1_Ud
Diretmus_argenteus_RH1_Uc
Diretmus_argenteus_RH1_Mb
Diretmoides_pauciradiatus_RH1_La
Diretmoides_pauciradiatus_RH1_Mu
Diretmoides_pauciradiatus_RH1_Lb
Diretmus_argenteus_RH1_La
Diretmus_argenteus_RH1_Lb
Diretmus_argenteus_RH1_Lc
Diretmus_argenteus_RH1_Za
Diretmus_argenteus_RH1_Zb
Diretmoides_pauciradiatus_RH1_Ka
Diretmus_argenteus_RH1_K
Diretmoides_pauciradiatus_RH1_Kb
Diretmus_argenteus_RH1_Ja
Diretmus_argenteus_RH1_Jb
Diretmus_argenteus_RH1_O
Diretmoides_pauciradiatus_RH1_KOJ
Diretmus_argenteus_RH1_N
Diretmoides_pauciradiatus_RH1_OJa
Diretmoides_pauciradiatus_RH1_OJb
Diretmoides_pauciradiatus_RH1_X
Diretmus_argenteus_RH1_Xa
Diretmus_argenteus_RH1_Xb
Diretmoides_pauciradiatus_RH1_Y
Diretmus_argenteus_RH1_Y
Diretmoides_pauciradiatus_RH1_P
Diretmus_argenteus_RH1_P
Diretmus_argenteus_RH1_Q_pseudogene
Diretmus_argenteus_RH1_R_pseudogene
Cyttopsis_roseus_RH1
Zeus_faber_RH1
Amphilophus_citrinellus_RH1
Astatotilapia_burtoni_RH1
Maylandia_zebra_RH1
Neolamprologus_brichardi_RH1
Pundamilia_nyererei_RH1
Oreochromis_niloticus_RH1
Caranx_ignobilis_RH1
Caranx_melampygus_RH1
Selene_dorsalis_RH1
Trachinotus_blochii_RH1
Chromis_chromis_RH1
Stegastes_partitus_RH1
Pseudochromis_fuscus_RH1
Dicentrarchus_labrax_RH1
Sparus_aurata_RH1
Spondyliosoma_cantharus_RH1
Epinephelus_aeneus_RH1
Sebastes_nigrocinctus_RH1
Sebastes_norvegicus_RH1
Anabas_testudineus_RH1
Helostoma_temminckii_RH1
Monopterus_albus_RH1
Auxis_rochei_RH1
Thunnus_albacares_RH1
Thunnus_orientalis_RH1
Brama_brama_RH1
Pampus_argenteus_RH1
Rhinecanthus_aculeatus_RH1
Cyprinodon_nevadensis_RH1
Cyprinodon_variegatus_RH1
Fundulus_heteroclitus_RH1
Poecilia_formosa_RH1
Poecilia_reticulata_RH1
Xiphophorus_maculatus_RH1
Oryzias_latipes_RH1
Parablennius_parvicornis_RH1
Plagiotremus_rhinorhynchos_RH1
Takifugu_flavidus_RH1
Takifugu_rubripes_RH1
Tetraodon_nigroviridis_RH1
Chatrabus_melanurus_RH1
Opsanus_beta_RH1
Symphodus_melops_RH1
Anoplopoma_fimbrei_RH1
Myoxocephalus_scorpius_RH1
Gasterosteus_aculeatus_RH1_corrected
Perca_fluviatilis_RH1
Chaenocephalus_aceratus_RH1
Notothenia_coriiceps_RH1
Pseudopleuronectes_yokohamae_RH1
Antennarius_striatus_RH1
Lophius_piscatorius_RH1
Lophius_vailantii_RH1
Syngnathus_typhle_RH1
Holocentrus_rufus_RH1
Neoniphon_sammara_RH1
Myripristis_berndti_RH1
Myripristis_jacobus_RH1
Larimichthys_crocea_RH1
Percopsis_transmontana_RH1
Brotula_barbata_RH1
Lamprogrammus_exutus_RH1
Carapus_acus_RH1
Amblygobius_phalaena_RH1
Lesueurigobius_sanzoi_RH1
Boleophthalmus_pectinirostris_RH1
Scartelaos_histophorus_RH1
Periophthalmodon_schlosseri_RH1
Periophthalmus_magnuspinnatus_RH1
Cynoglossus_semilaevis_RH1
Stylephorus_chordatus_RH1_gen01
Stylephorus_chordatus_RH1_gen02
Stylephorus_chordatus_RH1_gen03
Stylephorus_chordatus_RH1_gen04
Stylephorus_chordatus_RH1_gen05
Stylephorus_chordatus_RH1_gen06
Bathygadus_melanobranchus_RH1_gen01_coding_cons_both_alleles
Bathygadus_melanobranchus_RH1_gen03_coding
Bathygadus_melanobranchus_RH1_gen02_coding
Brosme_brosme_RH1
Gadus_morhua_RH1
Trisopterus_minutus_RH1
Merluccius_polli_RH1
Mora_moro_RH1
Macrourus_berglax_RH1
Melamphaidae_26_RH1
Diretmoides_pauciradiatus_RH1_D
Diretmus_argenteus_RH1_D
Diretmus_argenteus_RH1_C
Diretmus_argenteus_RH1_E_pseudogen
Diretmus_argenteus_RH1_B
Diretmus_argenteus_RH1_A
Diretmoides_pauciradiatus_RH1_FG
Diretmus_argenteus_RH1_Fa
Diretmus_argenteus_RH1_Fb
Diretmus_argenteus_RH1_Ga
Diretmus_argenteus_RH1_Gb
Diretmoides_pauciradiatus_RH1_HFG
Diretmus_argenteus_RH1_Ha
Diretmus_argenteus_RH1_Hb
Diretmus_argenteus_RH1_Hc
Diretmus_argenteus_RH1_Hd
Diretmus_argenteus_RH1_He_pseudogene
Diretmus_argenteus_RH1_Ia
Diretmoides_pauciradiatus_RH1_SV
Diretmus_argenteus_RH1_S
Diretmus_argenteus_RH1_V
Diretmus_argenteus_RH1_Ib_part
Diretmoides_pauciradiatus_RH1_W
Diretmus_argenteus_RH1_W
Diretmoides_pauciradiatus_RH1_T
Diretmus_argenteus_RH1_T

id: Paracanthopterygii
age: 123.04
age_hpd: 111.58-134.81
=
Polymixia_japonica_RH1
Percopsis_transmontana_RH1
Zeus_faber_RH1
Cyttopsis_roseus_RH1
Stylephorus_chordatus_RH1_gen01
Stylephorus_chordatus_RH1_gen02
Stylephorus_chordatus_RH1_gen03
Stylephorus_chordatus_RH1_gen04
Stylephorus_chordatus_RH1_gen05
Stylephorus_chordatus_RH1_gen06
Bathygadus_melanobranchus_RH1_gen01_coding_cons_both_alleles
Bathygadus_melanobranchus_RH1_gen03_coding
Bathygadus_melanobranchus_RH1_gen02_coding
Brosme_brosme_RH1
Gadus_morhua_RH1
Trisopterus_minutus_RH1
Merluccius_polli_RH1
Mora_moro_RH1
Macrourus_berglax_RH1

id: Zeiogadariae
age: 105.06
age_hpd: 90.11-118.61
=
Zeus_faber_RH1
Cyttopsis_roseus_RH1
Stylephorus_chordatus_RH1_gen01
Stylephorus_chordatus_RH1_gen02
Stylephorus_chordatus_RH1_gen03
Stylephorus_chordatus_RH1_gen04
Stylephorus_chordatus_RH1_gen05
Stylephorus_chordatus_RH1_gen06
Bathygadus_melanobranchus_RH1_gen01_coding_cons_both_alleles
Bathygadus_melanobranchus_RH1_gen03_coding
Bathygadus_melanobranchus_RH1_gen02_coding
Brosme_brosme_RH1
Gadus_morhua_RH1
Trisopterus_minutus_RH1
Merluccius_polli_RH1
Mora_moro_RH1
Macrourus_berglax_RH1

id: Zeiformes
age: 30.34
age_hpd: 9.11-55.74
=
Zeus_faber_RH1
Cyttopsis_roseus_RH1

id: Gadariae
age: 82.99
age_hpd: 67.72-99.12
=
Stylephorus_chordatus_RH1_gen01
Stylephorus_chordatus_RH1_gen02
Stylephorus_chordatus_RH1_gen03
Stylephorus_chordatus_RH1_gen04
Stylephorus_chordatus_RH1_gen05
Stylephorus_chordatus_RH1_gen06
Bathygadus_melanobranchus_RH1_gen01_coding_cons_both_alleles
Bathygadus_melanobranchus_RH1_gen03_coding
Bathygadus_melanobranchus_RH1_gen02_coding
Brosme_brosme_RH1
Gadus_morhua_RH1
Trisopterus_minutus_RH1
Merluccius_polli_RH1
Mora_moro_RH1
Macrourus_berglax_RH1

id: Gadiformes
age: 56.87
age_hpd: 41.29-72.64
=
Bathygadus_melanobranchus_RH1_gen01_coding_cons_both_alleles
Bathygadus_melanobranchus_RH1_gen03_coding
Bathygadus_melanobranchus_RH1_gen02_coding
Brosme_brosme_RH1
Gadus_morhua_RH1
Trisopterus_minutus_RH1
Merluccius_polli_RH1
Mora_moro_RH1
Macrourus_berglax_RH1

id: Gadidae
age: 18.14
age_hpd: 8.3-29.87
= 
Gadus_morhua_RH1
Trisopterus_minutus_RH1

id: Acanthopterygii
age: 128.07
age_hpd: 118.90-137.16
=
Acanthochaenus_luetkenii_RH1
Cetomimidae_RH1
Cetomimus_sp_RH1_gen01
Cetomimus_sp_RH1_gen02
Rondeletia_loricata_RH1
Anoplogaster_cornuta_RH1
Gephyroberyx_darwinii_RH1_gen01
Hoplostethus_atlanticus_RH1
Monocentris_japonica_RH1
Beryx_splendens_RH1
Lampris_guttatus_RH1
Regalecus_glesne_RH1
Diretmoides_pauciradiatus_RH1_MUb
Diretmoides_pauciradiatus_RH1_MUa
Diretmoides_pauciradiatus_RH1_MUc
Diretmus_argenteus_RH1_Ma
Diretmus_argenteus_RH1_Ua
Diretmus_argenteus_RH1_Ub
Diretmus_argenteus_RH1_Ud
Diretmus_argenteus_RH1_Uc
Diretmus_argenteus_RH1_Mb
Diretmoides_pauciradiatus_RH1_La
Diretmoides_pauciradiatus_RH1_Mu
Diretmoides_pauciradiatus_RH1_Lb
Diretmus_argenteus_RH1_La
Diretmus_argenteus_RH1_Lb
Diretmus_argenteus_RH1_Lc
Diretmus_argenteus_RH1_Za
Diretmus_argenteus_RH1_Zb
Diretmoides_pauciradiatus_RH1_Ka
Diretmus_argenteus_RH1_K
Diretmoides_pauciradiatus_RH1_Kb
Diretmus_argenteus_RH1_Ja
Diretmus_argenteus_RH1_Jb
Diretmus_argenteus_RH1_O
Diretmoides_pauciradiatus_RH1_KOJ
Diretmus_argenteus_RH1_N
Diretmoides_pauciradiatus_RH1_OJa
Diretmoides_pauciradiatus_RH1_OJb
Diretmoides_pauciradiatus_RH1_X
Diretmus_argenteus_RH1_Xa
Diretmus_argenteus_RH1_Xb
Diretmoides_pauciradiatus_RH1_Y
Diretmus_argenteus_RH1_Y
Diretmoides_pauciradiatus_RH1_P
Diretmus_argenteus_RH1_P
Diretmus_argenteus_RH1_Q_pseudogene
Diretmus_argenteus_RH1_R_pseudogene
Amphilophus_citrinellus_RH1
Astatotilapia_burtoni_RH1
Maylandia_zebra_RH1
Neolamprologus_brichardi_RH1
Pundamilia_nyererei_RH1
Oreochromis_niloticus_RH1
Caranx_ignobilis_RH1
Caranx_melampygus_RH1
Selene_dorsalis_RH1
Trachinotus_blochii_RH1
Chromis_chromis_RH1
Stegastes_partitus_RH1
Pseudochromis_fuscus_RH1
Dicentrarchus_labrax_RH1
Sparus_aurata_RH1
Spondyliosoma_cantharus_RH1
Epinephelus_aeneus_RH1
Sebastes_nigrocinctus_RH1
Sebastes_norvegicus_RH1
Anabas_testudineus_RH1
Helostoma_temminckii_RH1
Monopterus_albus_RH1
Auxis_rochei_RH1
Thunnus_albacares_RH1
Thunnus_orientalis_RH1
Brama_brama_RH1
Pampus_argenteus_RH1
Rhinecanthus_aculeatus_RH1
Cyprinodon_nevadensis_RH1
Cyprinodon_variegatus_RH1
Fundulus_heteroclitus_RH1
Poecilia_formosa_RH1
Poecilia_reticulata_RH1
Xiphophorus_maculatus_RH1
Oryzias_latipes_RH1
Parablennius_parvicornis_RH1
Plagiotremus_rhinorhynchos_RH1
Takifugu_flavidus_RH1
Takifugu_rubripes_RH1
Tetraodon_nigroviridis_RH1
Chatrabus_melanurus_RH1
Opsanus_beta_RH1
Symphodus_melops_RH1
Anoplopoma_fimbrei_RH1
Myoxocephalus_scorpius_RH1
Gasterosteus_aculeatus_RH1_corrected
Perca_fluviatilis_RH1
Chaenocephalus_aceratus_RH1
Notothenia_coriiceps_RH1
Pseudopleuronectes_yokohamae_RH1
Antennarius_striatus_RH1
Lophius_piscatorius_RH1
Lophius_vailantii_RH1
Syngnathus_typhle_RH1
Holocentrus_rufus_RH1
Neoniphon_sammara_RH1
Myripristis_berndti_RH1
Myripristis_jacobus_RH1
Larimichthys_crocea_RH1
Brotula_barbata_RH1
Lamprogrammus_exutus_RH1
Carapus_acus_RH1
Amblygobius_phalaena_RH1
Lesueurigobius_sanzoi_RH1
Boleophthalmus_pectinirostris_RH1
Scartelaos_histophorus_RH1
Periophthalmodon_schlosseri_RH1
Periophthalmus_magnuspinnatus_RH1
Cynoglossus_semilaevis_RH1
Melamphaidae_26_RH1
Diretmoides_pauciradiatus_RH1_D
Diretmus_argenteus_RH1_D
Diretmus_argenteus_RH1_C
Diretmus_argenteus_RH1_E_pseudogen
Diretmus_argenteus_RH1_B
Diretmus_argenteus_RH1_A
Diretmoides_pauciradiatus_RH1_FG
Diretmus_argenteus_RH1_Fa
Diretmus_argenteus_RH1_Fb
Diretmus_argenteus_RH1_Ga
Diretmus_argenteus_RH1_Gb
Diretmoides_pauciradiatus_RH1_HFG
Diretmus_argenteus_RH1_Ha
Diretmus_argenteus_RH1_Hb
Diretmus_argenteus_RH1_Hc
Diretmus_argenteus_RH1_Hd
Diretmus_argenteus_RH1_He_pseudogene
Diretmus_argenteus_RH1_Ia
Diretmoides_pauciradiatus_RH1_SV
Diretmus_argenteus_RH1_S
Diretmus_argenteus_RH1_V
Diretmus_argenteus_RH1_Ib_part
Diretmoides_pauciradiatus_RH1_W
Diretmus_argenteus_RH1_W
Diretmoides_pauciradiatus_RH1_T
Diretmus_argenteus_RH1_T

id: Lamprididae
age: 46.64
age_hpd: 16.1-82.3
=
Lampris_guttatus_RH1
Regalecus_glesne_RH1

id: Trachichthyiformes
age: 41.04
age_hpd: 20.96-67.76
=
Anoplogaster_cornuta_RH1
Gephyroberyx_darwinii_RH1_gen01
Hoplostethus_atlanticus_RH1
Monocentris_japonica_RH1
Diretmoides_pauciradiatus_RH1_MUb
Diretmoides_pauciradiatus_RH1_MUa
Diretmoides_pauciradiatus_RH1_MUc
Diretmus_argenteus_RH1_Ma
Diretmus_argenteus_RH1_Ua
Diretmus_argenteus_RH1_Ub
Diretmus_argenteus_RH1_Ud
Diretmus_argenteus_RH1_Uc
Diretmus_argenteus_RH1_Mb
Diretmoides_pauciradiatus_RH1_La
Diretmoides_pauciradiatus_RH1_Mu
Diretmoides_pauciradiatus_RH1_Lb
Diretmus_argenteus_RH1_La
Diretmus_argenteus_RH1_Lb
Diretmus_argenteus_RH1_Lc
Diretmus_argenteus_RH1_Za
Diretmus_argenteus_RH1_Zb
Diretmoides_pauciradiatus_RH1_Ka
Diretmus_argenteus_RH1_K
Diretmoides_pauciradiatus_RH1_Kb
Diretmus_argenteus_RH1_Ja
Diretmus_argenteus_RH1_Jb
Diretmus_argenteus_RH1_O
Diretmoides_pauciradiatus_RH1_KOJ
Diretmus_argenteus_RH1_N
Diretmoides_pauciradiatus_RH1_OJa
Diretmoides_pauciradiatus_RH1_OJb
Diretmoides_pauciradiatus_RH1_X
Diretmus_argenteus_RH1_Xa
Diretmus_argenteus_RH1_Xb
Diretmoides_pauciradiatus_RH1_Y
Diretmus_argenteus_RH1_Y
Diretmoides_pauciradiatus_RH1_P
Diretmus_argenteus_RH1_P
Diretmus_argenteus_RH1_Q_pseudogene
Diretmus_argenteus_RH1_R_pseudogene
Diretmoides_pauciradiatus_RH1_D
Diretmus_argenteus_RH1_D
Diretmus_argenteus_RH1_C
Diretmus_argenteus_RH1_E_pseudogen
Diretmus_argenteus_RH1_B
Diretmus_argenteus_RH1_A
Diretmoides_pauciradiatus_RH1_FG
Diretmus_argenteus_RH1_Fa
Diretmus_argenteus_RH1_Fb
Diretmus_argenteus_RH1_Ga
Diretmus_argenteus_RH1_Gb
Diretmoides_pauciradiatus_RH1_HFG
Diretmus_argenteus_RH1_Ha
Diretmus_argenteus_RH1_Hb
Diretmus_argenteus_RH1_Hc
Diretmus_argenteus_RH1_Hd
Diretmus_argenteus_RH1_He_pseudogene
Diretmus_argenteus_RH1_Ia
Diretmoides_pauciradiatus_RH1_SV
Diretmus_argenteus_RH1_S
Diretmus_argenteus_RH1_V
Diretmus_argenteus_RH1_Ib_part
Diretmoides_pauciradiatus_RH1_W
Diretmus_argenteus_RH1_W
Diretmoides_pauciradiatus_RH1_T
Diretmus_argenteus_RH1_T

id: Diretmidae
age: NA (duplication could have been before speciation)
age_hpd: NA (duplication could have been before speciation)
=
Diretmoides_pauciradiatus_RH1_MUb
Diretmoides_pauciradiatus_RH1_MUa
Diretmoides_pauciradiatus_RH1_MUc
Diretmus_argenteus_RH1_Ma
Diretmus_argenteus_RH1_Ua
Diretmus_argenteus_RH1_Ub
Diretmus_argenteus_RH1_Ud
Diretmus_argenteus_RH1_Uc
Diretmus_argenteus_RH1_Mb
Diretmoides_pauciradiatus_RH1_La
Diretmoides_pauciradiatus_RH1_Mu
Diretmoides_pauciradiatus_RH1_Lb
Diretmus_argenteus_RH1_La
Diretmus_argenteus_RH1_Lb
Diretmus_argenteus_RH1_Lc
Diretmus_argenteus_RH1_Za
Diretmus_argenteus_RH1_Zb
Diretmoides_pauciradiatus_RH1_Ka
Diretmus_argenteus_RH1_K
Diretmoides_pauciradiatus_RH1_Kb
Diretmus_argenteus_RH1_Ja
Diretmus_argenteus_RH1_Jb
Diretmus_argenteus_RH1_O
Diretmoides_pauciradiatus_RH1_KOJ
Diretmus_argenteus_RH1_N
Diretmoides_pauciradiatus_RH1_OJa
Diretmoides_pauciradiatus_RH1_OJb
Diretmoides_pauciradiatus_RH1_X
Diretmus_argenteus_RH1_Xa
Diretmus_argenteus_RH1_Xb
Diretmoides_pauciradiatus_RH1_Y
Diretmus_argenteus_RH1_Y
Diretmoides_pauciradiatus_RH1_P
Diretmus_argenteus_RH1_P
Diretmus_argenteus_RH1_Q_pseudogene
Diretmus_argenteus_RH1_R_pseudogene
Diretmoides_pauciradiatus_RH1_D
Diretmus_argenteus_RH1_D
Diretmus_argenteus_RH1_C
Diretmus_argenteus_RH1_E_pseudogen
Diretmus_argenteus_RH1_B
Diretmus_argenteus_RH1_A
Diretmoides_pauciradiatus_RH1_FG
Diretmus_argenteus_RH1_Fa
Diretmus_argenteus_RH1_Fb
Diretmus_argenteus_RH1_Ga
Diretmus_argenteus_RH1_Gb
Diretmoides_pauciradiatus_RH1_HFG
Diretmus_argenteus_RH1_Ha
Diretmus_argenteus_RH1_Hb
Diretmus_argenteus_RH1_Hc
Diretmus_argenteus_RH1_Hd
Diretmus_argenteus_RH1_He_pseudogene
Diretmus_argenteus_RH1_Ia
Diretmoides_pauciradiatus_RH1_SV
Diretmus_argenteus_RH1_S
Diretmus_argenteus_RH1_V
Diretmus_argenteus_RH1_Ib_part
Diretmoides_pauciradiatus_RH1_W
Diretmus_argenteus_RH1_W
Diretmoides_pauciradiatus_RH1_T
Diretmus_argenteus_RH1_T

id: Beryciformes
age: 89.78
age_hpd: 63.9-112.84
=
Acanthochaenus_luetkenii_RH1
Cetomimidae_RH1
Cetomimus_sp_RH1_gen01
Cetomimus_sp_RH1_gen02
Rondeletia_loricata_RH1
Beryx_splendens_RH1
Melamphaidae_26_RH1

id: Holocentriformes
age: 51.89
age_hpd: 20.14-90.43
=
Holocentrus_rufus_RH1
Neoniphon_sammara_RH1
Myripristis_berndti_RH1
Myripristis_jacobus_RH1

id: Percomorphaceae
age: 112.61
age_hpd: 104.94-120.77
=
Amphilophus_citrinellus_RH1
Astatotilapia_burtoni_RH1
Maylandia_zebra_RH1
Neolamprologus_brichardi_RH1
Pundamilia_nyererei_RH1
Oreochromis_niloticus_RH1
Caranx_ignobilis_RH1
Caranx_melampygus_RH1
Selene_dorsalis_RH1
Trachinotus_blochii_RH1
Chromis_chromis_RH1
Stegastes_partitus_RH1
Pseudochromis_fuscus_RH1
Dicentrarchus_labrax_RH1
Sparus_aurata_RH1
Spondyliosoma_cantharus_RH1
Epinephelus_aeneus_RH1
Sebastes_nigrocinctus_RH1
Sebastes_norvegicus_RH1
Anabas_testudineus_RH1
Helostoma_temminckii_RH1
Monopterus_albus_RH1
Auxis_rochei_RH1
Thunnus_albacares_RH1
Thunnus_orientalis_RH1
Brama_brama_RH1
Pampus_argenteus_RH1
Rhinecanthus_aculeatus_RH1
Cyprinodon_nevadensis_RH1
Cyprinodon_variegatus_RH1
Fundulus_heteroclitus_RH1
Poecilia_formosa_RH1
Poecilia_reticulata_RH1
Xiphophorus_maculatus_RH1
Oryzias_latipes_RH1
Parablennius_parvicornis_RH1
Plagiotremus_rhinorhynchos_RH1
Takifugu_flavidus_RH1
Takifugu_rubripes_RH1
Tetraodon_nigroviridis_RH1
Chatrabus_melanurus_RH1
Opsanus_beta_RH1
Symphodus_melops_RH1
Anoplopoma_fimbrei_RH1
Myoxocephalus_scorpius_RH1
Gasterosteus_aculeatus_RH1_corrected
Perca_fluviatilis_RH1
Chaenocephalus_aceratus_RH1
Notothenia_coriiceps_RH1
Pseudopleuronectes_yokohamae_RH1
Antennarius_striatus_RH1
Lophius_piscatorius_RH1
Lophius_vailantii_RH1
Syngnathus_typhle_RH1
Larimichthys_crocea_RH1
Brotula_barbata_RH1
Lamprogrammus_exutus_RH1
Carapus_acus_RH1
Amblygobius_phalaena_RH1
Lesueurigobius_sanzoi_RH1
Boleophthalmus_pectinirostris_RH1
Scartelaos_histophorus_RH1
Periophthalmodon_schlosseri_RH1
Periophthalmus_magnuspinnatus_RH1
Cynoglossus_semilaevis_RH1

id: Ophidiiformes
age: 75.76
age_hpd: 48.00-101.09
=
Brotula_barbata_RH1
Lamprogrammus_exutus_RH1
Carapus_acus_RH1

id: Batrachoidei
age: 42.16
age_hpd: 16.69-71.32
=
Chatrabus_melanurus_RH1
Opsanus_beta_RH1

id: Gobiidae
age: 59.28
age_hpd: 39.78-79.02
=
Amblygobius_phalaena_RH1
Lesueurigobius_sanzoi_RH1
Boleophthalmus_pectinirostris_RH1
Scartelaos_histophorus_RH1
Periophthalmodon_schlosseri_RH1
Periophthalmus_magnuspinnatus_RH1

id: Scombrimorpharia
age: 83.78
age_hpd: 58.75-101.69
=
Auxis_rochei_RH1
Thunnus_albacares_RH1
Thunnus_orientalis_RH1
Brama_brama_RH1
Pampus_argenteus_RH1
Syngnathus_typhle_RH1

id: Scombriformes
age: NA (not all species in species tree)
age_hpd: NA
=
Auxis_rochei_RH1
Thunnus_albacares_RH1
Thunnus_orientalis_RH1
Brama_brama_RH1
Pampus_argenteus_RH1

id: Percomorpharia
age: 96.43
age_hpd: 91.04-102.24
=
Rhinecanthus_aculeatus_RH1
Tetraodon_nigroviridis_RH1
Takifugu_flavidus_RH1
Takifugu_rubripes_RH1
Lophius_piscatorius_RH1
Lophius_vailantii_RH1
Antennarius_striatus_RH1
Anoplopoma_fimbrei_RH1
Gasterosteus_aculeatus_RH1_corrected
Myoxocephalus_scorpius_RH1
Epinephelus_aeneus_RH1
Perca_fluviatilis_RH1
Chaenocephalus_aceratus_RH1
Notothenia_coriiceps_RH1
Sebastes_nigrocinctus_RH1
Sebastes_norvegicus_RH1
Dicentrarchus_labrax_RH1
Spondyliosoma_cantharus_RH1
Sparus_aurata_RH1
Symphodus_melops_RH1
Larimichthys_crocea_RH1

id: Lophiiformes
age: 63.99
age_hpd: 42.28-81.95
=
Lophius_piscatorius_RH1
Lophius_vailantii_RH1
Antennarius_striatus_RH1

id: Tetraodontiformes
age: NA (not all species in species tree)
age_hpd: NA
=
Rhinecanthus_aculeatus_RH1
Tetraodon_nigroviridis_RH1
Takifugu_flavidus_RH1
Takifugu_rubripes_RH1

id: Perciformes
age: 75.66
age_hpd: 56.33-93.35
=
Anoplopoma_fimbrei_RH1
Gasterosteus_aculeatus_RH1_corrected
Myoxocephalus_scorpius_RH1
Epinephelus_aeneus_RH1
Perca_fluviatilis_RH1
Chaenocephalus_aceratus_RH1
Notothenia_coriiceps_RH1
Sebastes_nigrocinctus_RH1
Sebastes_norvegicus_RH1

id: Notothenioidei
age: 8.47
age_hpd: 2.63-16.13
=
Chaenocephalus_aceratus_RH1
Notothenia_coriiceps_RH1

id: Cottioidei
age: NA (not all species in species tree)
age_hpd: NA
=
Anoplopoma_fimbrei_RH1
Gasterosteus_aculeatus_RH1_corrected
Myoxocephalus_scorpius_RH1

id: Carangimorpharia
age: 96.68
age_hpd: 89.41-104.21
=
Cynoglossus_semilaevis_RH1
Monopterus_albus_RH1
Anabas_testudineus_RH1
Helostoma_temminckii_RH1
Trachinotus_blochii_RH1
Pseudopleuronectes_yokohamae_RH1
Selene_dorsalis_RH1
Caranx_ignobilis_RH1
Caranx_melampygus_RH1
Pseudochromis_fuscus_RH1
Stegastes_partitus_RH1
Chromis_chromis_RH1
Amphilophus_citrinellus_RH1
Astatotilapia_burtoni_RH1
Maylandia_zebra_RH1
Neolamprologus_brichardi_RH1
Pundamilia_nyererei_RH1
Oreochromis_niloticus_RH1
Parablennius_parvicornis_RH1
Plagiotremus_rhinorhynchos_RH1
Oryzias_latipes_RH1
Fundulus_heteroclitus_RH1
Cyprinodon_nevadensis_RH1
Cyprinodon_variegatus_RH1
Poecilia_formosa_RH1
Poecilia_reticulata_RH1
Xiphophorus_maculatus_RH1

id: Carangimorphariae
age: 73.71
age_hpd: 54.08-90.27
=
Cynoglossus_semilaevis_RH1
Pseudopleuronectes_yokohamae_RH1
Trachinotus_blochii_RH1
Selene_dorsalis_RH1
Caranx_ignobilis_RH1
Caranx_melampygus_RH1

id: Pleuronectoidei
age: 58.01
age_hpd: 36.75-78.60
=
Cynoglossus_semilaevis_RH1
Pseudopleuronectes_yokohamae_RH1

id: Carangidae
age: NA (not all species in species tree)
age_hpd: NA
=
Trachinotus_blochii_RH1
Selene_dorsalis_RH1
Caranx_ignobilis_RH1
Caranx_melampygus_RH1

id: Anabantomorphariae
age: 75.51
age_hpd: 58.14-92.05
=
Monopterus_albus_RH1
Anabas_testudineus_RH1
Helostoma_temminckii_RH1

id: Anabantiformes
age: 48.58
age_hpd: 22.17-72.54
=
Anabas_testudineus_RH1
Helostoma_temminckii_RH1

id: Ovalentariae
age: 86.48
age_hpd: 75.86-97.12
=
Pseudochromis_fuscus_RH1
Parablennius_parvicornis_RH1
Plagiotremus_rhinorhynchos_RH1
Chromis_chromis_RH1
Stegastes_partitus_RH1
Amphilophus_citrinellus_RH1
Astatotilapia_burtoni_RH1
Maylandia_zebra_RH1
Neolamprologus_brichardi_RH1
Pundamilia_nyererei_RH1
Oreochromis_niloticus_RH1
Oryzias_latipes_RH1
Fundulus_heteroclitus_RH1
Cyprinodon_nevadensis_RH1
Cyprinodon_variegatus_RH1
Poecilia_formosa_RH1
Poecilia_reticulata_RH1
Xiphophorus_maculatus_RH1

id: Blennidae
age: NA (not all species in species tree)
age_hpd: NA
=
Parablennius_parvicornis_RH1
Plagiotremus_rhinorhynchos_RH1

id: Pomacentridae
age: 35.19
age_hpd: 12.68-62.36
=
Chromis_chromis_RH1
Stegastes_partitus_RH1

id: Cichlidae
age: 55.14
age_hpd: 45.33-66.9
=
Amphilophus_citrinellus_RH1
Astatotilapia_burtoni_RH1
Maylandia_zebra_RH1
Neolamprologus_brichardi_RH1
Pundamilia_nyererei_RH1
Oreochromis_niloticus_RH1

id: Atherinomorphae
age: 67.38
age_hpd: 53.41-81.67
=
Oryzias_latipes_RH1
Fundulus_heteroclitus_RH1
Cyprinodon_nevadensis_RH1
Cyprinodon_variegatus_RH1
Poecilia_formosa_RH1
Poecilia_reticulata_RH1
Xiphophorus_maculatus_RH1

id: Cyprinodontidae
age: 6.48
age_hpd: 1.87-12.11
=
Cyprinodon_nevadensis_RH1
Cyprinodon_variegatus_RH1

id: Poecilidae
age: 11.27
age_hpd: 4.09-19.71
=
Poecilia_formosa_RH1
Poecilia_reticulata_RH1
Xiphophorus_maculatus_RH1
